cid,len,popden,fclass,betweenness,closeness,node_degree,交通设施,休闲娱乐,公司企业,生活服务,科教文化,购物消费,餐饮美食,住宿住宅
4393_4423,612.797776320526,5033.804,2,0,0,0,6,0,7,3,1,3,0,3
4393_9052,1066.48465329439,7635.856,2,0,0,0,6,5,8,10,9,10,26,7
4423_4471,662.195967065788,4182.926,2,0,0,0,11,2,23,23,14,45,27,8
4440_4497,1500.56417612653,11925.851,4,0,0,0,12,0,1,0,1,0,0,0
4448_4423,392.122175622269,2595.107,4,0.047399460442938704,0.00014572443211420945,6,4,0,16,3,2,3,0,2
4448_4496,693.016782274206,5533.522,4,0,0,0,10,3,30,9,12,32,7,4
4471_4440,1850.93355233366,4656.846,4,0,0,0,13,3,20,26,14,59,37,9
4471_4493,407.471425235014,4821.454,2,0,0,0,8,4,47,41,25,85,77,12
4474_4448,461.99675341758,3307.519,4,0,0,0,5,0,35,1,2,5,0,2
4474_4582,341.878812701402,2001.529,3,0,0,0,3,0,39,3,0,6,0,4
4493_4521,385.668318094922,3233.635,2,0,0,0,16,4,66,57,38,113,105,14
4496_4471,509.156974023222,7759.869,4,0,0,0,12,5,24,26,19,62,32,10
4496_4539,661.75051558897,6172.05,4,0,0,0,19,6,54,40,16,237,46,15
4502_4474,755.23039440649,2901.919,4,0,0,0,3,0,55,3,0,6,0,3
4502_4534,383.502409856454,2189.507,4,0,0,0,3,0,36,2,0,2,0,2
4518_4496,523.813776970941,2938.415,4,0.008971704623878536,0.00015404887677866383,8,10,3,36,12,11,33,9,6
4518_4565,572.499182199653,4277.586,3,0,0,0,13,8,48,32,6,81,22,8
4520_4502,446.873908985452,900.39,4,0,0,0,3,0,42,2,0,5,0,2
4521_4605,658.443756672077,5754.111,2,0,0,0,31,17,105,78,46,475,183,26
4526_4497,889.040448891634,12402.237,4,0,0,0,13,0,4,19,7,25,19,3
4526_9001,507.305839551294,4622.074,4,0,0,0,10,3,5,28,12,61,52,14
4530_4520,245.507866642098,900.39,4,0,0,0,3,0,26,4,0,6,1,2
4530_4607,845.697555731901,3990.944,4,0,0,0,7,0,45,9,3,29,2,3
4534_4556,415.88114379329,2534.711,4,0,0,0,2,0,31,2,0,1,0,0
4536_4497,889.463616909175,8856.842,2,0,0,0,35,1,11,36,19,44,40,4
4536_4562,1242.89375848241,31756.719,2,0.028201267331702116,0.00016055986419613065,8,55,6,57,84,64,84,81,21
4539_4521,447.586209266558,3233.635,4,0,0,0,22,4,88,62,35,265,104,17
4539_4616,558.881879459985,5754.111,4,0,0,0,39,13,96,80,26,440,89,23
4554_4526,674.051947946968,3545.395,3,0,0,0,14,4,9,50,13,67,64,6
4554_4536,1065.73223748301,12402.237,2,0,0,0,46,5,18,71,29,94,87,9
4556_4518,582.758627172772,5473.126,4,0,0,0,5,2,37,9,0,11,3,4
4556_4608,466.089121683991,1245.594,4,0,0,0,2,0,41,4,3,4,1,2
4562_4493,1061.7323465336,15765.87,2,0,0,0,30,10,100,75,59,124,126,23
4562_4589,523.486802788005,11198.298,2,0,0,0,27,15,46,60,38,227,124,17
4563_4554,510.386617359164,7206.53,2,0,0,0,30,8,8,51,25,65,67,9
4563_4642,545.133141905182,3661.135,4,0.010916619612271786,0.00014099445733546943,7,47,7,23,82,27,157,90,24
4563_9001,576.448264312395,5850.095,4,0,0,0,33,9,5,54,25,94,93,20
4565_4539,477.95966858695,7511.221,4,0,0,0,19,10,63,45,12,267,50,15
4565_4603,228.213912677559,1339.171,3,0,0,0,22,9,67,37,8,195,31,9
4582_4518,394.23924347553,4227.532,3,0,0,0,5,2,32,8,0,10,3,6
4589_4605,277.053913652073,2520.476,2,0,0,0,27,14,68,62,26,411,132,23
4603_4630,277.421366821036,1339.171,3,0,0,0,27,9,107,57,16,247,38,12
4605_4616,263.507443096581,2520.476,2,0,0,0,38,20,91,72,25,492,135,20
4605_4671,634.349242021538,6502.732,2,0,0,0,41,15,60,61,21,439,140,28
4607_4556,574.616572572091,1245.594,4,0,0,0,5,0,39,6,3,24,1,1
4607_4639,359.401152645082,1245.594,4,0,0,0,9,1,40,7,6,30,6,2
4608_4624,195.869127570634,2584.765,4,0,0,0,5,2,46,2,8,7,1,4
4609_4530,685.197787424494,4243.684,4,0,0,0,9,0,52,4,0,5,1,2
4609_4645,818.197608725988,3343.294,2,0,0,0,11,0,48,9,2,15,1,1
4609_9011,448.582786869029,1498.334,4,0,0,0,9,0,49,3,0,3,1,0
4615_4563,839.615220410085,4773.416,2,0,0,0,42,12,10,91,43,144,146,19
4615_4579,389.834412275119,1602.917,4,0,0,0,17,5,8,57,23,95,95,10
4616_4630,361.058494159868,3859.647,2,0,0,0,34,14,120,69,25,426,76,19
4624_4603,501.36382752292,1339.171,4,0,0,0,22,10,90,37,12,198,32,11
4630_4650,481.444916265286,1339.171,2,0,0,0,36,10,122,45,21,219,34,17
4630_4680,527.467564906975,7841.903,3,0,0,0,34,11,103,56,15,239,55,18
4634_4554,628.008379665132,7206.53,3,0,0,0,29,7,18,62,18,141,82,10
4634_4664,591.479798486698,15484.043,4,0,0,0,38,5,31,80,27,196,130,23
4635_4536,774.317680339444,46665.988,2,0,0,0,53,3,60,119,43,192,115,67
4635_4664,686.766021794012,39264.412,4,0,0,0,41,6,57,130,36,248,169,78
4639_4608,553.130790267761,1245.594,4,0,0,0,9,1,54,8,7,18,7,4
4639_4655,243.09548095087,1245.594,4,0,0,0,18,1,35,14,8,35,26,6
4645_4607,490.496319728724,3090.554,4,0,0,0,7,0,29,9,3,29,1,2
4645_4666,284.992751136155,3612.857,2,0,0,0,3,2,12,19,4,43,28,7
4649_4639,274.092954460875,1245.594,4,0,0,0,11,1,34,15,6,30,22,5
4649_4674,334.966947682725,4589.459,4,0,0,0,14,3,26,26,10,60,48,8
4650_4624,283.300841729592,1339.171,4,0,0,0,18,2,43,3,12,15,5,8
4650_4690,502.600595512984,6777.398,2,0,0,0,25,2,50,13,18,45,26,17
4651_4562,1026.88049516936,36119.326,2,0,0,0,51,8,72,105,48,143,102,76
4651_4635,465.749531429123,27441.504,3,0,0,0,45,4,56,104,22,202,127,83
4655_4624,535.143243922125,2584.765,4,0,0,0,19,3,49,13,13,36,26,9
4655_4690,366.305598631458,4589.459,4,0,0,0,21,1,34,14,13,51,34,14
4660_4589,720.110951689353,11198.298,4,0,0,0,61,15,57,94,30,266,156,30
4662_4651,192.312874778051,27441.504,3,0,0,0,39,2,35,79,12,133,85,71
4663_4615,669.902522572631,1112.281,4,0,0,0,36,10,15,74,28,121,118,14
4663_4642,527.947896449475,4773.416,4,0,0,0,48,9,26,87,25,162,97,24
4664_4724,315.915986463259,20812.438,3,0,0,0,30,9,33,100,45,256,142,27
4666_4713,351.368871253448,5111.762,2,0,0,0,5,3,7,25,11,60,46,10
4671_4660,627.03784515215,15180.554,4,0,0,0,52,5,32,60,9,96,76,26
4671_4819,559.816192143752,3982.256,2,0,0,0,21,3,25,45,3,72,56,18
4674_4655,265.884538486848,4589.459,4,0,0,0,20,3,25,24,13,60,50,9
4674_4742,409.901427592389,3343.865,4,0,0,0,19,3,23,32,17,78,57,15
4680_4671,414.046364349958,3982.256,4,0,0,0,20,4,60,59,11,82,56,16
4680_4855,721.252775381378,3982.256,4,0,0,0,29,2,61,57,14,71,43,19
4689_4660,285.064865131755,14786.713,4,0,0,0,45,3,24,47,7,68,51,20
4689_4662,480.519371134145,42228.217,3,0,0,0,54,3,41,80,11,133,90,61
4690_4742,220.756429775471,3343.865,2,0,0,0,21,3,27,17,17,50,31,14
4694_4662,260.657674484559,39620.014,4,0,0,0,44,4,32,87,12,140,101,63
4694_4689,304.832348252649,6108.891,3,0,0,0,40,4,30,64,11,107,75,37
4697_4651,330.697523535271,33511.123,2,0,0,0,51,10,45,108,22,338,146,83
4697_4694,275.513537923651,12178.51,3,0,0,0,54,11,40,110,20,344,150,61
4706_4697,410.204103200792,6069.619,3,0,0,0,59,21,72,227,53,642,252,88
4708_4650,505.357117226365,3433.533,4,0,0,0,20,3,66,25,16,49,18,13
4708_4680,392.756964104345,6076.618,4,0,0,0,23,2,62,49,10,75,30,15
4713_4674,203.589880611349,3343.865,4,0,0,0,12,3,18,26,13,65,51,9
4713_4794,461.701659272307,3343.865,2,0,0,0,9,3,9,31,12,78,51,13
4718_9002,1052.13971747415,2068.134,4,0,0,0,3,1,1,3,0,0,3,4
4718_9006,468.390067797132,1067.696,4,0,0,0,1,0,3,0,0,0,0,2
4724_4706,686.722702499005,15059.149,3,0,0,0,66,28,82,286,91,889,356,83
4732_4634,659.357645884317,8544.361,3,0,0,0,52,5,60,170,18,361,117,52
4732_4724,519.486415924749,13872.756,3,0,0,0,54,13,74,228,49,529,199,66
4742_4794,193.244765547857,3343.865,2,0,0,0,14,2,7,16,13,46,35,10
4745_4663,501.477675119816,3329.088,4,0,0,0,50,6,24,95,7,92,59,37
4745_4732,572.645147065635,7100.033,2,0,0,0,59,8,60,161,9,327,84,55
4758_4745,589.75281853317,2216.807,2,0,0,0,56,9,30,92,8,102,53,39
4758_4832,290.832773902411,2216.807,4,0,0,0,26,6,16,24,7,54,26,12
4779_4758,523.246464335802,5251.465,2,0,0,0,20,6,24,36,9,118,52,14
4779_4852,340.422122690459,3034.658,2,0,0,0,8,3,27,42,8,379,48,15
4779_8364,445.407303322716,3525.294,2,0,0,0,5,3,14,27,9,111,48,10
4794_4899,458.732706295835,9461.011,2,0,0,0,9,1,4,15,9,40,24,8
4794_9173,459.161062304883,5438.227,2,0,0,0,10,1,16,25,10,57,30,11
4802_4645,860.11791763518,3612.857,4,0,0,0,3,0,10,6,2,11,2,2
4802_8350,611.637275778807,1767.897,4,0,0,0,0,0,0,0,1,8,7,1
4806_4697,379.527848667864,6069.619,2,0,0,0,58,19,48,201,42,564,337,79
4806_4808,350.837091602917,12178.51,4,0,0,0,41,13,34,191,30,514,315,57
4808_4694,410.263373978071,6108.891,4,0,0,0,41,6,34,144,14,188,195,54
4819_4689,840.046848234894,10091.147,3,0,0,0,39,3,34,58,3,83,44,28
4819_4879,273.77092372307,3982.256,2,0,0,0,12,0,10,19,1,24,14,10
4832_4918,365.360215649431,7274.388,4,0,0,0,33,4,19,28,7,64,17,13
4835_4706,504.15977508622,6069.619,4,0,0,0,79,31,80,369,85,1147,480,97
4835_4806,475.5196208,6069.619,4,0,0,0,70,30,56,341,77,1028,519,83
4852_4832,547.177802057373,5251.465,4,0,0,0,29,4,36,46,9,395,53,17
4852_4942,366.257966432493,9408.433,2,0,0,0,12,3,36,44,8,422,48,15
4854_4835,403.230913356373,15059.149,4,0,0,0,69,36,75,425,110,1281,543,77
4854_4961,477.031336992174,17368.053,4,0,0,0,49,27,57,332,75,903,388,53
4855_4819,340.753062909505,3982.256,3,0,0,0,16,0,18,33,4,31,27,15
4863_4724,580.109277408248,8989.53,3,0,0,0,43,14,54,242,62,740,263,55
4863_4854,373.276683391072,8989.53,4,0,0,0,48,21,57,352,73,1033,367,56
4879_4893,785.414155952126,14953.475,3,0,0,0,31,5,37,116,10,142,144,31
4879_4938,281.449266005452,7783.435,2,0,0,0,14,0,8,11,2,12,6,8
4881_4732,565.027031242925,4883.226,4,0,0,0,49,5,67,200,9,543,102,58
4881_4863,426.905679556711,13872.756,4,0,0,0,39,12,51,205,34,669,197,56
4893_4808,397.335528359415,10971.219,4,0,0,0,26,6,34,138,16,189,207,45
4893_4927,507.341644285714,24067.236,3,0,0,0,42,8,42,162,16,246,252,48
4895_4802,415.69699401274,2913.05,4,0,0,0,0,0,1,0,0,0,0,0
4895_4972,1069.22453335309,7696.497,4,0,0,0,3,0,3,0,0,0,0,2
4899_4972,356.126141957265,6117.146,2,0,0,0,5,0,4,4,2,4,4,3
4904_4863,137.418968628952,17368.053,3,0,0,0,26,11,34,183,31,572,169,36
4907_4893,97.4272885457802,4862.328,4,0,0,0,18,5,28,113,10,125,137,29
4907_5010,535.368955765897,24067.236,4,0,0,0,33,5,29,128,27,147,154,33
4917_5005,476.266827699054,4759.941,4,0,0,0,26,0,6,9,1,64,5,2
4918_4917,522.291965304049,9817.522,4,0,0,0,42,1,13,19,2,78,11,10
4918_5017,460.862887698016,5057.581,4,0,0,0,30,1,10,13,3,42,7,9
4920_4855,415.999489962324,12012.802,3,0,0,0,19,1,37,38,9,72,32,16
4927_4806,563.575196250258,25274.527,2,0,0,0,56,16,39,239,38,600,394,61
4927_4944,335.2083685,19204.908,3,0,0,0,43,6,26,168,27,305,252,34
4929_4779,2109.841484,7519.427,2,0,0,0,7,4,16,25,6,111,38,8
4938_5012,313.478261079786,3801.179,2,0,0,0,10,0,1,5,2,4,4,5
4942_4918,577.759382437305,11431.356,4,0,0,0,36,2,29,33,5,387,30,17
4942_5026,450.265320871935,6373.775,2,0,0,0,7,0,25,20,3,368,20,8
4943_4621,2132.69701505669,2790.946,1,0,0,0,7,0,12,3,0,14,3,2
4944_4835,494.561032558774,25274.527,4,0,0,0,64,27,56,304,82,987,458,63
4944_4961,358.439756946843,27583.431,3,0,0,0,39,15,31,143,37,336,203,25
4947_4929,297.086391156565,2966.17,2,0.22184578706317837,0.00010920799153625376,5,1,2,3,2,1,14,4,0
4950_4907,190.152394581577,4862.328,4,0,0,0,18,3,21,84,20,97,108,25
4950_4938,631.132485544255,8663.507,4,0,0,0,23,3,18,62,21,67,56,20
4961_4973,559.858875478327,8378.523,3,0.004046677959721438,0.0001572154774138353,7,35,16,39,167,28,497,170,32
4973_4904,311.143576434922,8378.523,3,0,0,0,24,8,33,150,19,471,135,27
4986_4943,589.835015689115,1204.667,1,0,0,0,4,0,3,4,2,11,2,4
4986_8375,537.318865573855,815.673,3,0,0,0,4,0,8,5,2,37,5,7
5005_5017,526.321660777333,9817.522,2,0,0,0,8,0,8,5,2,30,2,3
5010_4927,402.937254673716,19204.908,4,0,0,0,39,5,24,150,24,223,234,36
5012_8352,586.742296284917,5868.033,2,0,0,0,11,0,11,10,10,7,8,11
5012_9161,609.55630818861,3801.179,2,0,0,0,14,1,33,32,8,59,28,13
5017_5026,527.763616605499,11431.356,2,0,0,0,7,0,12,7,2,70,2,4
5021_4950,346.689586627913,4862.328,4,0,0,0,22,5,21,66,23,75,62,19
5021_5012,473.422438524678,8663.507,2,0,0,0,15,4,10,16,14,17,23,13
5029_5061,240.001103498494,19204.908,4,0.009410878976096368,0.00015539077854846722,5,30,9,22,94,22,129,126,15
5055_4920,1563.2814212555,10346.513,3,0,0,0,24,2,77,51,17,100,39,25
5055_8346,729.036747615306,9117.79,2,0,0,0,2,0,4,5,5,0,0,2
5061_4961,814.139974690538,27583.431,4,0.07660455486542443,0.00015738900023351988,7,42,22,42,186,46,355,233,30
5076_8371,395.519346019817,2164.167,1,0,0,0,3,0,6,9,5,18,7,5
5082_5021,449.951537232511,7652.191,4,0,0,0,27,5,20,31,37,25,35,18
5100_5120,434.913804978649,3328.887,4,0,0,0,11,2,21,25,6,46,16,8
5101_8456,372.827811501502,1422.582,4,0.037674885500972456,8.827711932414575e-05,5,6,0,68,32,2,227,22,10
5105_4895,1299.59955892945,954.326,4,0,0,0,1,1,3,0,0,0,1,0
5105_8348,677.788651943372,1838.016,2,0,0,0,5,1,2,1,0,1,2,1
5122_5100,420.46475187158,2066.854,4,0,0,0,15,2,27,40,14,58,34,15
5122_5123,347.319241313245,4856.717,4,0,0,0,27,3,24,47,19,56,38,18
5122_9174,473.766766245032,5130.398,2,0,0,0,23,2,44,46,22,85,61,15
5123_5082,462.70717487504,2789.863,4,0,0,0,35,6,25,44,31,43,43,15
5123_5126,465.457381143263,2789.863,4,0,0,0,41,10,44,92,40,111,98,19
5126_9162,614.550450275377,9943.124,4,0,0,0,56,15,49,127,57,145,127,22
5140_8377,276.525321201626,1510.862,2,0,0,0,0,0,0,0,0,1,0,3
5190_5193,95.2171433538098,3134.099,2,0,0,0,9,0,15,6,4,18,10,2
5190_8359,186.759130897698,3134.099,2,0,0,0,11,0,15,7,3,21,10,2
5193_5217,673.515522284756,3961.48,2,0,0,0,8,0,8,5,3,10,11,5
5247_5217,566.402630314564,1955.359,2,0,0,0,0,0,0,1,0,1,0,4
5247_8368,2189.53172565372,3232.24,2,0,0,0,6,0,0,1,0,1,1,0
5429_9032,542.493351490685,1046.825,2,0,0,0,5,0,10,1,0,0,1,1
8345_9155,368.436856955798,3861.58,2,0,0,0,4,0,0,1,1,0,0,3
8346_9159,640.444807993263,4100.853,2,0,0,0,0,0,2,4,3,4,0,3
8347_5105,884.104637961986,1052.144,2,0,0,0,3,1,1,0,0,1,1,0
8347_9112,1694.72484793795,2287.475,2,0,0,0,2,0,0,0,2,1,0,0
8348_5055,758.604504695849,10440.059,2,0,0,0,7,1,4,3,4,1,2,2
8348_8346,1137.23926021694,4322.913,4,0,0,0,5,1,1,2,1,1,2,2
8350_4899,465.870033538354,11228.908,4,0,0,0,3,1,3,4,3,15,9,3
8352_5082,422.692782413849,4856.717,4,0,0,0,23,3,20,25,30,23,26,14
8352_5122,362.540177007692,2066.854,2,0,0,0,12,1,19,32,18,46,27,14
8359_5026,5741.61505040494,20236.257,2,0,0,0,15,1,20,14,4,73,18,5
8359_9176,436.064447513123,3134.099,4,0,0,0,17,2,14,11,7,25,13,6
8363_4758,272.304346319099,2216.807,4,0,0,0,17,7,14,38,9,58,35,10
8363_8365,651.930625174462,2216.807,4,0.0008469791078486731,0.0001312410559353515,6,43,6,15,55,6,55,40,24
8364_4615,657.659902200596,1602.917,2,0,0,0,18,6,8,58,24,97,94,11
8364_8363,602.377114195147,3819.724,4,0,0,0,15,5,4,43,14,71,50,9
8365_4832,462.15503056003,2216.807,4,0,0,0,48,6,19,48,6,51,29,29
8365_4917,377.118782868235,11859.974,4,0,0,0,41,3,13,35,1,65,21,26
8368_5429,1984.73549132687,3223.902,2,0,0,0,4,0,8,2,0,0,0,1
8371_4986,375.017259329728,1784.503,1,0,0,0,4,0,8,8,5,22,8,6
8371_8458,298.908467949072,1784.503,4,0.07287157287157287,9.939508070167607e-05,6,4,0,23,10,5,102,9,7
8372_8373,378.899493078796,1138.129,4,0.051352029612899176,9.320174095583085e-05,5,3,0,52,6,0,166,6,8
8372_8375,321.349776521245,815.673,4,0,0,0,4,0,39,4,0,144,5,7
8373_5101,311.629260834482,876.323,4,0.044199761591065936,9.063560636100668e-05,5,2,0,60,21,1,154,12,8
8376_5113,258.566967337169,1083.968,4,0.023746784616349832,8.448031638536774e-05,5,5,0,28,20,1,118,16,9
8377_8453,274.149205831806,1195.337,2,0,0,0,0,0,0,1,2,2,0,3
8379_4947,189.749568202247,2966.17,4,0.18815484032875338,0.00010702144187830817,5,0,2,3,2,1,13,5,0
8442_8441,427.83042331534,315.525,4,0,0,0,0,0,0,0,0,0,0,0
8442_8451,241.727449819583,315.525,4,0.007905138339920948,8.40821835628785e-05,3,3,0,0,0,0,0,0,0
8443_8442,706.050675297093,530.778,4,0,0,0,3,0,2,0,0,1,0,0
8444_8443,485.706155303892,455.258,4,0.007905138339920948,7.737618466342841e-05,3,3,0,0,0,0,0,0,0
8451_8450,288.618403512002,315.525,4,0.01574753748666792,8.598732506330573e-05,6,0,0,2,0,0,0,0,0
8452_5140,281.802294822865,315.525,2,0,0,0,2,0,4,3,0,11,1,3
8453_5076,356.993306121451,1195.337,2,0,0,0,0,0,0,0,0,0,0,1
8456_8376,260.098911764577,868.715,4,0.030710835058661144,8.614608474413881e-05,4,0,0,0,3,2,5,4,3
8458_8372,391.796801984581,815.673,4,0.06559382646339168,9.63608240534143e-05,5,5,0,55,31,2,174,19,9
8461_8460,1130.99351476431,1789.433,4,0.038584603801995104,5.785623344281304e-05,5,5,0,40,7,1,147,6,8
8461_9079,682.572672407599,623.633,1,0,0,0,0,0,1,0,0,1,0,1
9001_4579,691.488631430716,2034.9,4,0,0,0,1,0,1,0,0,0,0,1
9006_9007,350.173251844558,1774.27,4,0,0,0,11,6,8,43,24,81,70,16
9007_4895,828.989537095622,1145.153,4,0,0,0,2,0,8,0,0,0,0,0
9008_9006,391.259598468945,1067.696,4,0,0,0,3,0,9,0,0,0,0,0
9008_9009,355.49057421594,1774.27,4,0,0,0,2,0,14,0,0,1,0,0
9009_4802,796.227506924778,2474.471,4,0,0,0,5,0,18,0,0,1,0,0
9009_9007,392.329531660715,706.574,4,0,0,0,5,0,17,0,0,1,0,0
9010_9008,421.435621466834,2534.958,4,0,0,0,5,0,19,0,0,1,0,0
9011_9009,434.751427857981,2204.908,4,0,0,0,3,0,22,0,0,2,0,0
9011_9010,413.261963416995,2965.596,4,0.005395570612961917,0.00013516890794807362,5,9,0,33,0,0,1,0,0
9019_9021,369.022354473354,771.999,3,0.01562205910031997,7.32653797848257e-05,6,7,0,34,0,0,2,0,0
9021_9068,549.658940615559,1154.742,2,0.030961791831357048,7.573812234911478e-05,6,1,0,7,0,0,0,1,0
9022_9021,627.829473869621,812.626,3,0,0,0,6,0,15,1,1,1,1,0
9022_9030,505.798246084364,603.648,4,0,0,0,4,0,18,2,0,1,1,0
9024_9072,444.143240115939,462.557,4,0,0,0,3,0,15,2,0,1,0,0
9028_9019,323.370116382194,390.656,4,0.007905138339920948,7.147765802326781e-05,4,2,0,8,0,0,1,0,0
9029_9021,396.555509432104,381.343,2,0,0,0,1,0,0,0,0,0,0,0
9029_9028,416.352995515811,771.999,4,0.00012547838634795156,7.141339776856804e-05,5,2,0,7,1,1,4,8,0
9030_9029,760.689866508766,818.84,4,0,0,0,1,0,0,1,1,4,8,0
9031_9022,647.376317720032,1148.795,4,0,0,0,2,0,5,1,1,4,8,0
9032_9031,537.891950935545,717.512,4,0,0,0,8,0,18,1,1,1,1,0
9034_9031,563.254739290578,1355.454,4,0,0,0,10,0,10,0,1,2,1,0
9035_9032,493.236263293591,1355.454,4,0,0,0,10,0,13,0,1,3,1,0
9035_9034,546.764858036261,637.942,4,0,0,0,9,0,16,1,0,1,1,1
9036_5429,477.857418407662,661.127,4,0,0,0,10,0,21,1,0,3,1,1
9036_9035,498.600522865306,969.756,4,0,0,0,3,0,11,1,0,0,0,1
9040_9043,511.849211123756,1548.065,2,0,0,0,7,0,19,1,0,1,0,2
9041_8461,1479.34520896639,2383.64,1,0,0,0,3,1,3,11,5,21,12,2
9041_9040,791.469278155248,1452.05,2,0,0,0,4,0,1,1,0,1,0,2
9042_4415,732.932406182266,1957.584,2,0,0,0,5,1,1,6,4,9,10,2
9043_9042,619.486137151031,1646.668,2,0,0,0,5,1,16,4,8,26,4,3
9052_9051,1652.23451170524,6777.97,2,0,0,0,4,1,5,6,2,25,3,2
9062_9113,595.511382357421,863.094,3,0,0,0,3,6,5,9,19,11,26,7
9062_9115,458.715374482084,467.216,1,0,0,0,2,0,40,0,2,2,0,1
9063_9062,562.211418782551,758.706,1,0,0,0,2,0,18,0,0,0,0,1
9072_9034,1710.42204993765,1524.427,4,0,0,0,4,0,22,0,0,0,0,0
9079_9078,2725.87727218686,860.826,1,0,0,0,12,0,33,0,0,3,1,1
9097_9002,362.640163647584,1473.248,4,0.027950310559006212,0.00011076213285137672,6,1,0,0,1,0,0,0,0
9098_9002,625.753490073712,897.561,4,0,0,0,3,1,1,1,0,0,3,2
9099_9098,332.005110203594,460.968,4,0,0,0,3,3,3,2,1,0,3,3
9100_9099,373.552861071119,460.968,4,0,0,0,2,3,4,1,1,0,3,3
9101_9100,549.931740187024,820.577,4,0,0,0,4,0,11,2,1,0,0,3
9101_9116,518.325829547879,359.609,4,0,0,0,3,0,22,4,1,0,0,3
9102_9063,507.858552092944,291.49,1,0,0,0,3,0,25,2,1,0,0,0
9102_9101,623.839791212652,651.099,4,0,0,0,5,0,13,0,0,0,0,0
9103_9102,785.122496670925,607.817,1,0,0,0,3,0,18,2,0,0,0,0
9105_9100,389.572110121238,926.831,4,0,0,0,4,0,7,0,0,0,0,0
9107_9099,396.798788995532,926.831,4,0,0,0,3,0,15,2,1,0,0,3
9107_9105,335.80985152158,465.863,4,0,0,0,4,0,4,2,1,0,0,3
9108_9098,387.786555761225,1934.216,4,0,0,0,5,0,9,3,1,0,0,3
9108_9107,334.792811099419,1502.518,4,0,0,0,4,3,2,1,2,1,5,1
9110_9100,532.940283220524,820.577,4,0,0,0,5,3,4,2,2,1,2,3
9111_9110,543.450833384497,755.487,4,0,0,0,4,0,19,1,1,3,0,4
9112_9002,1298.79484100231,802.135,4,0,0,0,2,0,30,0,1,3,0,2
9112_9111,1294.23171283339,1091.63,3,0,0,0,1,1,1,1,2,0,3,2
9113_9111,546.424812660374,395.878,3,0,0,0,4,0,22,3,3,15,13,6
9113_9129,455.12149185499,395.878,4,0,0,0,2,0,37,0,2,3,0,2
9114_9128,593.429502576301,643.424,4,0,0,0,1,0,38,0,2,2,0,2
9114_9149,416.519573659567,355.193,1,0,0,0,1,0,4,0,0,0,0,2
9115_9114,552.586410428125,822.409,1,0,0,0,1,0,0,0,0,0,0,1
9116_9113,555.319735648614,755.487,4,0,0,0,1,0,12,0,0,0,0,1
9119_9063,481.343797623418,483.378,4,0.003168329255285777,8.787076459280365e-05,6,4,0,43,1,2,2,0,1
9121_9119,511.204916134998,799.705,4,0.0006587615283267457,8.680455451057928e-05,5,4,0,15,0,0,0,0,0
9122_9111,464.366335808466,395.878,4,0,0,0,2,0,7,0,0,0,0,0
9123_9122,544.355903480462,684.109,4,0,0,0,3,0,26,0,0,3,1,2
9128_9123,541.875033465481,288.231,4,0,0,0,1,0,20,0,1,0,1,1
9129_9128,554.525230948023,684.109,4,0,0,0,1,0,11,0,0,0,1,2
9131_9115,484.864416441718,825.399,4,0.007905138339920948,8.619128281827431e-05,5,0,0,20,0,0,0,0,1
9135_9052,1020.88794031514,6453.031,4,0,0,0,1,0,19,0,0,0,0,1
9139_9043,407.275373609801,1548.065,4,0.023464458247066944,5.480351568882525e-05,5,4,5,7,8,10,10,26,7
9142_9036,470.527608666007,331.814,4,0,0,0,1,0,3,7,1,17,2,1
9155_5190,721.941757985901,6197.643,2,0,0,0,3,0,11,1,0,2,2,1
9155_9156,476.447993985111,3063.544,4,0,0,0,0,0,0,0,0,0,0,0
9156_5100,452.560029878004,5130.398,4,0,0,0,9,0,21,10,10,27,17,4
9156_9158,531.943834076286,6392.431,4,0,0,0,8,1,27,21,10,44,34,6
9157_8345,271.905079674621,798.036,2,0,0,0,10,1,36,32,15,57,38,8
9157_9158,457.743898377132,2060.069,4,0,0,0,12,2,33,29,11,61,37,7
9158_5120,367.972613177546,1262.033,4,0,0,0,4,0,2,3,2,4,0,3
9159_9157,302.829811027285,798.036,2,0,0,0,8,2,7,10,1,21,3,6
9160_9158,298.270121484107,1262.033,4,0,0,0,9,2,12,12,2,24,7,4
9160_9159,474.886315097907,2060.069,4,0,0,0,0,0,2,4,2,4,0,2
9161_4920,222.462197630101,8030.546,2,0,0,0,8,2,9,8,1,22,3,4
9161_9160,1301.19197581838,9292.579,4,0,0,0,4,1,7,10,2,18,2,4
9162_5082,454.033745482597,2789.863,4,0,0,0,13,1,36,34,9,68,32,14
9162_9163,318.911655096996,7652.191,4,0,0,0,17,2,45,42,9,88,34,15
9163_5010,141.652637215381,24067.236,4,0,0,0,36,10,33,78,51,73,77,19
9163_5021,467.396767994485,4862.328,2,0,0,0,41,11,28,96,48,107,89,20
9164_4973,492.758094415399,8378.523,3,0,0,0,28,7,17,82,30,99,87,19
9173_4708,593.16317893571,2094.362,4,0,0,0,33,9,18,80,33,87,74,24
9173_4920,730.116397792963,6323.729,2,0,0,0,19,8,27,88,6,304,73,17
9174_5190,488.142637960914,6197.643,2,0,0,0,14,0,31,21,5,46,21,13
9175_5123,483.837619469774,5923.962,4,0,0,0,14,1,53,49,13,97,39,23
9175_9174,257.108018561522,6197.643,4,0,0,0,18,1,34,24,15,58,42,8
9176_5126,629.168357987981,5923.962,4,0,0,0,41,4,32,47,20,60,51,17
9176_9175,224.927006050863,3134.099,4,0,0,0,19,3,29,23,15,55,40,8
9177_9163,901.422644877128,34643.904,2,0,0,0,39,10,40,81,34,105,94,15
9177_9164,403.006713622304,11801.93,3,0,0,0,22,3,21,17,11,46,25,9
4423_4393,612.797776320526,5033.804,2,0.11895351025785808,0.00014084594087189484,5,39,13,28,122,41,163,154,20
9052_4393,1066.48465329439,7635.856,2,0.11198945981554677,0.00012783910822667123,5,13,11,13,54,9,109,93,4
4471_4423,662.195967065788,4182.926,2,0.08579584666541189,0.00015009582442757042,7,6,0,7,3,1,3,0,3
4497_4440,1500.56417612653,11925.851,4,0.003983938766547462,0.0001336108410016638,4,6,5,8,10,9,10,26,7
4496_4448,693.016782274206,5533.522,4,0.004454482715352281,0.00014919617061149183,7,11,2,23,23,14,45,27,8
4440_4471,1850.93355233366,4656.846,4,0.005615157789070833,0.00014177113556242544,6,12,0,1,0,1,0,0,0
4493_4471,407.471425235014,4821.454,2,0.09589685676642198,0.00015590469711054857,7,10,3,30,9,12,32,7,4
4448_4474,461.99675341758,3307.519,4,0.044513457556935816,0.0001453741142163106,6,13,3,20,26,14,59,37,9
4582_4474,341.878812701402,2001.529,3,0.02393500219587176,0.00014721170640059683,6,8,4,47,41,25,85,77,12
4521_4493,385.668318094922,3233.635,2,0.04009034443817053,0.00015924368729244338,6,5,0,35,1,2,5,0,2
4471_4496,509.156974023222,7759.869,4,0.009128552606813476,0.0001535675629248528,8,3,0,39,3,0,6,0,4
4539_4496,661.75051558897,6172.05,4,0.006368028107158542,0.00015726615477767945,8,16,4,66,57,38,113,105,14
4474_4502,755.23039440649,2901.919,4,0.025974025974025976,0.00014473764288033375,6,12,5,24,26,19,62,32,10
4534_4502,383.502409856454,2189.507,4,0.01188907710646841,0.00014618004681322743,6,19,6,54,40,16,237,46,15
4565_4518,572.499182199653,4277.586,3,0.014367275236840454,0.00015872621568100288,8,3,0,55,3,0,6,0,3
4502_4520,446.873908985452,900.39,4,0.032593010853880416,0.00014217868062325217,5,3,0,36,2,0,2,0,2
4605_4521,658.443756672077,5754.111,2,0.04310182571052136,0.00016629106069498777,7,13,8,48,32,6,81,22,8
4497_4526,889.040448891634,12402.237,4,0.007905138339920948,0.00012603589960047444,4,3,0,42,2,0,5,0,2
9001_4526,507.305839551294,4622.074,4,0.0030742204655248135,0.00013138431175386083,6,31,17,105,78,46,475,183,26
4520_4530,245.507866642098,900.39,4,0.032091097308488616,0.00014102861238934368,5,13,0,4,19,7,25,19,3
4607_4530,845.697555731901,3990.944,4,0.008250203902377816,0.000147103253013518,7,10,3,5,28,12,61,52,14
4556_4534,415.88114379329,2534.711,4,0.015120145554928164,0.00015143505021607742,7,3,0,26,4,0,6,1,2
4582_4534,672.382716095679,1289.117,4,0.001976284584980237,0.00014865411033349052,6,7,0,45,9,3,29,2,3
4497_4536,889.463616909175,8856.842,2,0.010132379697597088,0.00014688585420917163,6,2,0,31,2,0,1,0,0
4521_4539,447.586209266558,3233.635,4,0.002572306920133007,0.00016106040772110848,7,5,0,43,2,0,2,0,4
4616_4539,558.881879459985,5754.111,4,0.010759771629336846,0.0001655250754209905,7,35,1,11,36,19,44,40,4
4526_4554,674.051947946968,3545.395,3,0.012673317021143108,0.00013921798515959436,7,22,4,88,62,35,265,104,17
4536_4554,1065.73223748301,12402.237,2,0.033220402785620176,0.00015072905211286648,8,39,13,96,80,26,440,89,23
4518_4556,582.758627172772,5473.126,4,0.027291549030679464,0.00015475127929371018,8,14,4,9,50,13,67,64,6
4608_4556,466.089121683991,1245.594,4,0.028201267331702116,0.00015728874644867203,8,46,5,18,71,29,94,87,9
4493_4562,1061.7323465336,15765.87,2,0.06007277746408181,0.00016141841253674593,7,5,2,37,9,0,11,3,4
4589_4562,523.486802788005,11198.298,2,0.025032938076416336,0.00016737162413070036,7,2,0,41,4,3,4,1,2
4554_4563,510.386617359164,7206.53,2,0.021017629713281888,0.00014264004522852056,8,30,10,100,75,59,124,126,23
9001_4563,576.448264312395,5850.095,4,0.018570801179496832,0.00013480637182278703,7,27,15,46,60,38,227,124,17
4539_4565,477.95966858695,7511.221,4,0.004517221908526256,0.0001619434936800185,8,30,8,8,51,25,65,67,9
4603_4565,228.213912677559,1339.171,3,0.018664909969257796,0.00016370633967271179,7,33,9,5,54,25,94,93,20
4518_4582,394.23924347553,4227.532,3,0.028671811280506932,0.0001519703394111233,7,19,10,63,45,12,267,50,15
4605_4589,277.053913652073,2520.476,2,0.03867871259175607,0.00017078715353120895,7,22,9,67,37,8,195,31,9
4630_4603,277.421366821036,1339.171,3,0.023464458247066944,0.00016701606965092563,7,5,2,32,8,0,10,3,6
4616_4605,263.507443096581,2520.476,2,0.03940021331325679,0.00017075572839486978,7,27,14,68,62,26,411,132,23
4671_4605,634.349242021538,6502.732,2,0.050097245749419664,0.00017507141370143214,8,27,9,107,57,16,247,38,12
4556_4607,574.616572572091,1245.594,4,0.019668737060041408,0.00015350832465027642,8,38,20,91,72,25,492,135,20
4639_4607,359.401152645082,1245.594,4,0.016343559821820692,0.0001543990453510989,8,41,15,60,61,21,439,140,28
4565_4608,519.845419567548,2584.765,4,0.006054332141288663,0.0001612636828359647,8,5,0,39,6,3,24,1,1
4624_4608,195.869127570634,2584.765,4,0.049375745027918944,0.00016095050269911284,8,9,1,40,7,6,30,6,2
4530_4609,685.197787424494,4243.684,4,0.030114812723508376,0.00014231364324731422,6,12,6,58,27,8,74,22,4
4645_4609,818.197608725988,3343.294,2,0.015088775958341176,0.00014803436435727212,7,5,2,46,2,8,7,1,4
9011_4609,448.582786869029,1498.334,4,0.039745278875713656,0.00014038530899398218,6,9,0,52,4,0,5,1,2
4563_4615,839.615220410085,4773.416,2,0.019009975531714664,0.00013701602094134114,8,11,0,48,9,2,15,1,1
4579_4615,389.834412275119,1602.917,4,0.007905138339920948,0.00013082016494927578,5,9,0,49,3,0,3,1,0
4630_4616,361.058494159868,3859.647,2,0.03158918376309681,0.00016935828968718254,7,42,12,10,91,43,144,146,19
4603_4624,501.36382752292,1339.171,4,0.0013488926532404793,0.0001633931595358599,7,17,5,8,57,23,95,95,10
4650_4630,481.444916265286,1339.171,2,0.030804943848422108,0.00016745571632664573,8,34,14,120,69,25,426,76,19
4680_4630,527.467564906975,7841.903,3,0.02600539557061296,0.00017149055939603172,8,22,10,90,37,12,198,32,11
4554_4634,628.008379665132,7206.53,3,0.005552418595896857,0.00014729307188701186,8,36,10,122,45,21,219,34,17
4664_4634,591.479798486698,15484.043,4,0.027228809837505488,0.0001537763542471079,7,34,11,103,56,15,239,55,18
4536_4635,774.317680339444,46665.988,2,0.013520296128991782,0.0001605554175800112,7,29,7,18,62,18,141,82,10
4664_4635,686.766021794012,39264.412,4,0.022460631156283332,0.00016169828019949414,6,38,5,31,80,27,196,130,23
4608_4639,553.130790267761,1245.594,4,0.023652675826588872,0.00015817946714949448,8,53,3,60,119,43,192,115,67
4655_4639,243.09548095087,1245.594,4,0.011512641947424556,0.00015713698193353605,7,41,6,57,130,36,248,169,78
4634_4642,493.780510560879,3661.135,4,0.017159169333082376,0.00014564748399396074,7,9,1,54,8,7,18,7,4
4607_4645,490.496319728724,3090.554,4,0.01741012610577828,0.00015282397412347588,8,18,1,35,14,8,35,26,6
4666_4645,284.992751136155,3612.857,2,0.036420101637492944,0.00015453605792762508,7,49,6,31,69,22,172,79,19
4639_4649,274.092954460875,1245.594,4,0.017817930861409124,0.00015586811227697762,7,7,0,29,9,3,29,1,2
4674_4649,334.966947682725,4589.459,4,0.004329004329004329,0.00015646839688188531,6,3,2,12,19,4,43,28,7
4624_4650,283.300841729592,1339.171,4,0.05712403538490495,0.00016383280621158007,8,11,1,34,15,6,30,22,5
4690_4650,502.600595512984,6777.398,2,0.03968253968253968,0.00016449401681838225,7,14,3,26,26,10,60,48,8
4562_4651,1026.88049516936,36119.326,2,0.05521048999309869,0.0001681121126515993,8,18,2,43,3,12,15,5,8
4635_4651,465.749531429123,27441.504,3,0.035792709705753184,0.00016810766603547988,7,25,2,50,13,18,45,26,17
4624_4655,535.143243922125,2584.765,4,0.006211180124223602,0.0001599080174831544,7,51,8,72,105,48,143,102,76
4690_4655,366.305598631458,4589.459,4,0.007905138339920948,0.00015857933130409202,4,45,4,56,104,22,202,127,83
4589_4660,720.110951689353,11198.298,4,0.011951816299642386,0.000171909210026596,6,19,3,49,13,13,36,26,9
4651_4662,192.312874778051,27441.504,3,0.03391053391053391,0.00017139579191803234,7,21,1,34,14,13,51,34,14
4615_4663,669.902522572631,1112.281,4,0.007120898425246251,0.0001366001623234339,7,61,15,57,94,30,266,156,30
4642_4663,527.947896449475,4773.416,4,0.0035447644143296315,0.00014057859871756222,6,39,2,35,79,12,133,85,71
4724_4664,315.915986463259,20812.438,3,0.018947236338540688,0.00016026674186022175,7,36,10,15,74,28,121,118,14
4649_4666,211.472634685836,4858.451,4,0.017316017316017316,0.0001556806948371694,6,48,9,26,87,25,162,97,24
4713_4666,351.368871253448,5111.762,2,0.02424869816174164,0.00015770095885401966,7,30,9,33,100,45,256,142,27
4660_4671,627.03784515215,15180.554,4,0.11804379195683544,0.0001761934701968192,7,7,2,17,20,3,48,30,8
4819_4671,559.816192143752,3982.256,2,0.06499780412823891,0.00017964111770255747,8,5,3,7,25,11,60,46,10
4655_4674,265.884538486848,4589.459,4,0.014147688060731538,0.00015773726653844374,6,52,5,32,60,9,96,76,26
4742_4674,409.901427592389,3343.865,4,0.015590689503732982,0.00016041808642799305,6,21,3,25,45,3,72,56,18
4671_4680,414.046364349958,3982.256,4,0.1370851370851371,0.00017607809646535223,8,20,3,25,24,13,60,50,9
4855_4680,721.252775381378,3982.256,4,0.004454482715352281,0.00017582679766886674,7,19,3,23,32,17,78,57,15
4660_4689,285.064865131755,14786.713,4,0.1323169584039149,0.00017546429404878384,7,20,4,60,59,11,82,56,16
4662_4689,480.519371134145,42228.217,3,0.025378003638873204,0.00017421038741932123,7,29,2,61,57,14,71,43,19
4742_4690,220.756429775471,3343.865,2,0.040247192421105464,0.00016325004797950588,6,45,3,24,47,7,68,51,20
4662_4694,260.657674484559,39620.014,4,0.00997553171466215,0.00017384627822561327,7,54,3,41,80,11,133,90,61
4689_4694,304.832348252649,6108.891,3,0.18439048873831482,0.0001764390505732867,8,21,3,27,17,17,50,31,14
4651_4697,330.697523535271,33511.123,2,0.056214317083882304,0.0001730127971313135,8,44,4,32,87,12,140,101,63
4694_4697,275.513537923651,12178.51,3,0.19671874019700106,0.00017546328343889442,8,40,4,30,64,11,107,75,37
4697_4706,410.204103200792,6069.619,3,0.21748541313758704,0.00017250898130202107,7,51,10,45,108,22,338,146,83
4650_4708,505.357117226365,3433.533,4,0.04849739632348328,0.00016773312405067516,7,54,11,40,110,20,344,150,61
4680_4708,392.756964104345,6076.618,4,0.11283643892339544,0.0001717679671200611,7,59,21,72,227,53,642,252,88
4674_4713,203.589880611349,3343.865,4,0.007905138339920948,0.00015698027985664107,5,20,3,66,25,16,49,18,13
4794_4713,461.701659272307,3343.865,2,0.030271660706443316,0.0001627010534922413,8,23,2,62,49,10,75,30,15
9002_4718,1052.13971747415,2068.134,4,0.11725955204216074,0.00011834138520922165,6,12,3,18,26,13,65,51,9
9006_4718,468.390067797132,1067.696,4,0.12315703620051446,0.00012657558518325773,5,9,3,9,31,12,78,51,13
4706_4724,686.722702499005,15059.149,3,0.21880293619424054,0.00016617231186691504,7,3,1,1,3,0,0,3,4
4634_4732,659.357645884317,8544.361,3,0.0025095677269590315,0.00015235620111763958,8,1,0,3,0,0,0,0,2
4724_4732,519.486415924749,13872.756,3,0.21676391241608634,0.00015884658873075341,8,66,28,82,286,91,889,356,83
4794_4742,193.244765547857,3343.865,2,0.0538929669364452,0.0001646304790214988,7,52,5,60,170,18,361,117,52
4663_4745,501.477675119816,3329.088,4,0.015120145554928164,0.0001434192045980045,6,54,13,74,228,49,529,199,66
4732_4745,572.645147065635,7100.033,2,0.2958466654118828,0.00015164677959027224,7,14,2,7,16,13,46,35,10
4745_4758,589.75281853317,2216.807,2,0.28254595645899994,0.00014389923272445555,7,50,6,24,95,7,92,59,37
4832_4758,290.832773902411,2216.807,4,0.0637116506681724,0.0001374584255560648,8,59,8,60,161,9,327,84,55
4758_4779,523.246464335802,5251.465,2,0.217579521927348,0.00013684453807047555,8,56,9,30,92,8,102,53,39
4852_4779,340.422122690459,3034.658,2,0.004329004329004329,0.00013110130789928656,7,26,6,16,24,7,54,26,12
8364_4779,445.407303322716,3525.294,2,0.013928100884622624,0.00013174921010590472,7,20,6,24,36,9,118,52,14
4899_4794,458.732706295835,9461.011,2,0.11305602609950437,0.00016317009553268666,7,8,3,27,42,8,379,48,15
9173_4794,459.161062304883,5438.227,2,0.12601166948993037,0.00016740080356978832,7,5,3,14,27,9,111,48,10
4645_4802,860.11791763518,3612.857,4,0.02631909153648284,0.00015075038744813055,8,9,1,4,15,9,40,24,8
8350_4802,611.637275778807,1767.897,4,0.10540184453227931,0.00015131706711319569,7,10,1,16,25,10,57,30,11
4697_4806,379.527848667864,6069.619,2,0.038082690256603303,0.00017211527157759513,8,3,0,10,6,2,11,2,2
4808_4806,350.837091602917,12178.51,4,0.0015998494259363825,0.00017005935220781122,7,0,0,0,0,1,8,7,1
4694_4808,410.263373978071,6108.891,4,0.028514963297571992,0.0001734073640691105,7,58,19,48,201,42,564,337,79
4689_4819,840.046848234894,10091.147,3,0.08303532216575694,0.0001789119415545221,8,41,13,34,191,30,514,315,57
4879_4819,273.77092372307,3982.256,2,0.07233828972959408,0.0001788522696724177,7,41,6,34,144,14,188,195,54
4918_4832,365.360215649431,7274.388,4,0.021739130434782608,0.00013185720659636245,8,39,3,34,58,3,83,44,28
4706_4835,504.15977508622,6069.619,4,0.005019135453918063,0.0001670466366347362,7,12,0,10,19,1,24,14,10
4806_4835,475.5196208,6069.619,4,0.019574628270280444,0.0001666529269103103,8,33,4,19,28,7,64,17,13
4832_4852,547.177802057373,5251.465,4,0.01264194742455612,0.0001317151953848758,7,79,31,80,369,85,1147,480,97
4942_4852,366.257966432493,9408.433,2,0.009254030993161428,0.000125761032447481,6,70,30,56,341,77,1028,519,83
4835_4854,403.230913356373,15059.149,4,0.015778907083254908,0.00016191373367371167,7,29,4,36,46,9,395,53,17
4961_4854,477.031336992174,17368.053,4,0.0860154338415208,0.00016022988540577462,7,12,3,36,44,8,422,48,15
4819_4855,340.753062909505,3982.256,3,0.0909404605056779,0.00017938981890607198,7,69,36,75,425,110,1281,543,77
4724_4863,580.109277408248,8989.53,3,0.013457556935817806,0.00015899196802660683,8,49,27,57,332,75,903,388,53
4854_4863,373.276683391072,8989.53,4,0.09834368530020704,0.00015785309030449924,7,16,0,18,33,4,31,27,15
4893_4879,785.414155952126,14953.475,3,0.01308112177677395,0.0001742621184229478,7,43,14,54,242,62,740,263,55
4938_4879,281.449266005452,7783.435,2,0.05561829474872953,0.0001749525500211504,6,48,21,57,352,73,1033,367,56
4732_4881,565.027031242925,4883.226,4,0.08184327749545141,0.0001529593998421687,6,31,5,37,116,10,142,144,31
4863_4881,426.905679556711,13872.756,4,0.08604680343810779,0.0001531047791380221,6,14,0,8,11,2,12,6,8
4808_4893,397.335528359415,10971.219,4,0.029926595143986448,0.00017129010380087598,7,49,5,67,200,9,543,102,58
4927_4893,507.341644285714,24067.236,3,0.00624254972081059,0.00016967222926315208,8,39,12,51,205,34,669,197,56
4802_4895,415.69699401274,2913.05,4,0.006650354476441433,0.0001461283173454053,7,26,6,34,138,16,189,207,45
4972_4895,1069.22453335309,7696.497,4,0.005050505050505051,0.0001497380916020619,6,42,8,42,162,16,246,252,48
4972_4899,356.126141957265,6117.146,2,0.053328314197879416,0.00015799410467162706,6,0,0,1,0,0,0,0,0
4863_4904,137.418968628952,17368.053,3,0.01264194742455612,0.00015468842951846915,6,3,0,3,0,0,0,0,2
4893_4907,97.4272885457802,4862.328,4,0.02973837756446452,0.0001712844800223731,7,5,0,4,4,2,4,4,3
5010_4907,535.368955765897,24067.236,4,0.0024154589371980675,0.00016924216320404354,6,26,11,34,183,31,572,169,36
5005_4917,476.266827699054,4759.941,4,0.007779659953572997,0.00011839063854067756,5,18,5,28,113,10,125,137,29
4917_4918,522.291965304049,9817.522,4,0.00012547838634795156,0.0001252379018204233,7,33,5,29,128,27,147,154,33
5017_4918,460.862887698016,5057.581,4,0.014147688060731538,0.00012527820046776748,7,26,0,6,9,1,64,5,2
4855_4920,415.999489962324,12012.802,3,0.09200702678963549,0.00017734136972174418,7,42,1,13,19,2,78,11,10
4806_4927,563.575196250258,25274.527,2,0.014900558378819248,0.00016844147767008732,8,30,1,10,13,3,42,7,9
4944_4927,335.2083685,19204.908,3,0.02917372482589874,0.00016579437445409493,8,19,1,37,38,9,72,32,16
4779_4929,2109.841484,7519.427,2,0.2277432712215321,0.0001221028807523548,6,56,16,39,239,38,600,394,61
5012_4938,313.478261079786,3801.179,2,0.05420666290231508,0.00017347714756935843,7,43,6,26,168,27,305,252,34
4918_4942,577.759382437305,11431.356,4,6.273919317397578e-05,0.00012590304365896768,7,7,4,16,25,6,111,38,8
5026_4942,450.265320871935,6373.775,2,0.0015998494259363825,0.00011987737372981103,5,10,0,1,5,2,4,4,5
4621_4943,2132.69701505669,2790.946,1,0.007905138339920948,8.730516315346335e-05,3,36,2,29,33,5,387,30,17
4835_4944,494.561032558774,25274.527,4,0.004736809084635172,0.00016400582369431788,8,7,0,25,20,3,368,20,8
4961_4944,358.439756946843,27583.431,3,0.016845473367212496,0.00016232197542638083,8,7,0,12,3,0,14,3,2
4986_4947,789.409002856553,1784.503,2,0.0279816801555932,0.00010441012480592117,7,64,27,56,304,82,987,458,63
4907_4950,190.152394581577,4862.328,4,0.026821005081874648,0.00017084355651508424,6,39,15,31,143,37,336,203,25
4938_4950,631.132485544255,8663.507,4,0.0019135453918062613,0.00017208992893402348,6,4,2,6,7,3,23,9,4
5055_4972,461.705519847637,6117.146,2,0.04664659012485099,0.00015700803037935413,7,18,3,21,84,20,97,108,25
4904_4973,311.143576434922,8378.523,3,0.012453729845034192,0.0001537214624058135,5,23,3,18,62,21,67,56,20
4943_4986,589.835015689115,1204.667,1,0.01574753748666792,9.813656611711882e-05,6,3,0,4,2,3,0,0,2
8375_4986,537.318865573855,815.673,3,0.007905138339920948,9.835397441453781e-05,5,24,8,33,150,19,471,135,27
5017_5005,526.321660777333,9817.522,2,0.00012547838634795156,0.00011843093718802176,5,4,0,3,4,2,11,2,4
4927_5010,402.937254673716,19204.908,4,0.029299203212246692,0.00016762991244482253,7,4,0,8,5,2,37,5,7
8352_5012,586.742296284917,5868.033,2,0.09200702678963549,0.00016824928170289038,7,8,0,8,5,2,30,2,3
9161_5012,609.55630818861,3801.179,2,0.07983562331388418,0.00017371065544614125,7,39,5,24,150,24,223,234,36
5026_5017,527.763616605499,11431.356,2,0.006493506493506494,0.00011925253053861084,5,11,0,11,10,10,7,8,11
4950_5021,346.689586627913,4862.328,4,0.027166070644331512,0.0001712224737397336,7,14,1,33,32,8,59,28,13
5012_5021,473.422438524678,8663.507,2,0.048873831482527136,0.00017260969237506857,8,7,0,12,7,2,70,2,4
4944_5029,440.795145562656,19204.908,4,0.014555492816362382,0.00016032375374132817,6,22,5,21,66,23,75,62,19
4920_5055,1563.2814212555,10346.513,3,0.08297258297258298,0.00016768398323116908,8,15,4,10,16,14,17,23,13
8346_5055,729.036747615306,9117.79,2,0.06176673567977916,0.00015294504748249204,6,44,11,29,149,32,253,211,26
5132_5061,729.011459626416,26358.169,4,0.08093355919442875,0.00015330161991854093,5,24,2,77,51,17,100,39,25
8371_5076,395.519346019817,2164.167,1,0.10863291298073907,9.910493975146526e-05,7,2,0,4,5,5,0,0,2
8457_5076,475.644450465166,2064.052,1,0.015245623941276116,9.543056877154595e-05,5,47,15,47,150,55,218,192,22
5021_5082,449.951537232511,7652.191,4,0.017817930861409124,0.0001674189971049839,7,3,0,6,9,5,18,7,5
5120_5100,434.913804978649,3328.887,4,0.009881422924901186,0.0001498702953250304,5,4,0,27,8,3,119,9,7
4895_5105,1299.59955892945,954.326,4,0.004987765857331075,0.00014163582928724335,6,27,5,20,31,37,25,35,18
8348_5105,677.788651943372,1838.016,2,0.10675073718551979,0.0001425432359930608,6,11,2,21,25,6,46,16,8
8449_5113,470.293985442933,455.258,4,0.01574753748666792,8.209921724319644e-05,5,1,1,3,0,0,0,1,0
5100_5122,420.46475187158,2066.854,4,0.020703933747412008,0.00015556706118393927,7,5,1,2,1,0,1,2,1
5123_5122,347.319241313245,4856.717,4,0.024907459690068384,0.00015829234228060434,8,3,0,21,5,1,27,2,3
9174_5122,473.766766245032,5130.398,2,0.06458999937260806,0.00015573350377733703,7,15,2,27,40,14,58,34,15
5082_5123,462.70717487504,2789.863,4,0.015433841520798042,0.00016040177895268261,7,27,3,24,47,19,56,38,18
5126_5123,465.457381143263,2789.863,4,0.0170964301399084,0.00015627155760503374,8,23,2,44,46,22,85,61,15
9162_5126,614.550450275377,9943.124,4,0.011700859526946484,0.00015849950504175678,7,35,6,25,44,31,43,43,15
5126_5132,270.710008858854,9943.124,4,0.08256477821695213,0.0001537378284307716,6,41,10,44,92,40,111,98,19
8377_5140,276.525321201626,1510.862,2,0.044607566346696784,9.140922048390128e-05,6,56,15,49,127,57,145,127,22
8450_5140,467.814752220116,315.525,4,0.0018821757952192735,8.871032537931947e-05,7,36,9,37,87,36,116,99,18
5193_5190,95.2171433538098,3134.099,2,0.09420289855072464,0.00014914394874062476,7,0,0,0,0,0,1,0,3
8359_5190,186.759130897698,3134.099,2,0.016845473367212496,0.00014932976075262357,8,2,0,4,3,0,11,1,3
5217_5193,673.515522284756,3961.48,2,0.14618232009536358,0.00014273881445462847,5,9,0,15,6,4,18,10,2
8359_5193,212.885726280145,3134.099,2,0.05862977602108037,0.0001487144551052502,7,11,0,15,7,3,21,10,2
5217_5247,566.402630314564,1955.359,2,0.13946922642574816,0.00013269867598247924,4,8,0,8,5,3,10,11,5
8368_5247,2189.53172565372,3232.24,2,0.13269339356295878,0.0001159269649531669,4,10,0,11,6,3,13,10,2
9032_5429,542.493351490685,1046.825,2,0.0743459439111613,8.596252370641133e-05,6,0,0,0,1,0,1,0,4
9155_8345,368.436856955798,3861.58,2,0.048152330761026416,0.0001443144784747017,5,6,0,0,1,0,1,1,0
9159_8346,640.444807993263,4100.853,2,0.057876905702992656,0.00014818270719439876,5,5,0,10,1,0,0,1,1
5105_8347,884.104637961986,1052.144,2,0.10458623502101763,0.00013349068565004287,5,4,0,0,1,1,0,0,3
9112_8347,1694.72484793795,2287.475,2,0.0986887508626639,0.00011967276850669084,5,0,0,2,4,3,4,0,3
5055_8348,758.604504695849,10440.059,2,0.11710270405922579,0.0001520816094174695,7,3,1,1,0,0,1,1,0
8346_8348,1137.23926021694,4322.913,4,0.007905138339920948,0.00013539670264362387,4,2,0,0,0,2,1,0,0
4713_8350,595.089456363292,5111.762,4,0.003952569169960474,0.00015687998473126998,7,7,1,4,3,4,1,2,2
4899_8350,465.870033538354,11228.908,4,0.10665662839575883,0.0001573490267717153,6,5,1,1,2,1,1,2,2
5082_8352,422.692782413849,4856.717,4,0.007905138339920948,0.00015754630847371096,4,5,3,6,26,11,61,46,10
5122_8352,362.540177007692,2066.854,2,0.08190601668862539,0.0001609491497607275,7,3,1,3,4,3,15,9,3
5026_8359,5741.61505040494,20236.257,2,0.007905138339920948,0.00011466007597800273,5,23,3,20,25,30,23,26,14
9176_8359,436.064447513123,3134.099,4,0.07240102892276805,0.00015004234820685362,7,12,1,19,32,18,46,27,14
4758_8363,272.304346319099,2216.807,4,0.012171403475751302,0.0001376200530536103,7,15,1,20,14,4,73,18,5
4615_8364,657.659902200596,1602.917,2,0.016155342242298764,0.00013198486248531415,7,17,2,14,11,7,25,13,6
8363_8364,602.377114195147,3819.724,4,0.005866114561766736,0.00013252472508903948,6,17,7,14,38,9,58,35,10
4832_8365,462.15503056003,2216.807,4,0.022429261559696344,0.000131079428437806,7,18,6,8,58,24,97,94,11
4917_8365,377.118782868235,11859.974,4,0.015496580713972018,0.0001244601236618668,6,15,5,4,43,14,71,50,9
5429_8368,1984.73549132687,3223.902,2,0.12585482150699542,9.557979252909788e-05,5,48,6,19,48,6,51,29,29
4986_8371,375.017259329728,1784.503,1,0.0032624380450467405,0.00010084974862213775,8,41,3,13,35,1,65,21,26
8375_8372,321.349776521245,815.673,4,0.007905138339920948,9.329751264110727e-05,4,4,0,8,2,0,0,0,1
5101_8374,401.018897791406,1422.582,1,0.000878348704435661,9.00196390439964e-05,5,4,0,8,8,5,22,8,6
8453_8377,274.149205831806,1195.337,2,0.08127862475688563,9.3494487343053e-05,5,4,0,39,4,0,144,5,7
8371_8379,658.580233393129,2966.17,4,0.1818809210113558,0.00010346106569452475,6,5,0,82,28,2,291,18,11
8452_8441,239.956138863561,315.525,2,0.03124411820063994,8.732336204921002e-05,4,0,0,0,1,2,2,0,3
8441_8442,427.83042331534,315.525,4,0.02352719744024092,8.492236358239097e-05,4,3,1,8,9,5,25,8,6
8442_8443,706.050675297093,530.778,4,0.01574753748666792,8.111731199703318e-05,4,0,0,0,0,0,0,0,0
8459_8449,259.694239801396,793.872,4,0.007905138339920948,7.971201043648274e-05,3,3,0,0,0,0,0,0,0
5113_8450,713.25977592731,530.778,4,0.002666415709893971,8.535309836459136e-05,7,3,0,0,0,0,0,0,0
8455_8450,269.531276905862,2379.577,4,0.022805696718740196,8.794709153182325e-05,6,0,0,13,9,1,22,1,1
5140_8452,281.802294822865,315.525,2,0.038898299767864984,8.929596192855087e-05,5,5,0,19,12,0,56,4,5
5076_8453,356.993306121451,1195.337,2,0.08824267519919694,9.600042759449894e-05,5,3,0,9,8,1,80,3,6
8377_8455,472.229489116936,2064.052,4,0.029707007967877532,9.064598663640506e-05,5,0,0,0,0,0,0,0,1
8374_8457,377.889803990416,868.715,1,0.007967877533094924,9.194565930716302e-05,4,0,0,0,3,2,5,4,3
9079_8461,682.572672407599,623.633,1,0.061484409310496264,6.0848215401246316e-05,5,3,0,8,8,1,80,3,6
4579_9001,691.488631430716,2034.9,4,0.007905138339920948,0.0001244016076584716,4,6,0,55,10,2,237,12,8
9007_9006,350.173251844558,1774.27,4,0.12710960537047494,0.00013157088845917381,6,1,0,1,0,0,0,0,1
4895_9007,828.989537095622,1145.153,4,0.007905138339920948,0.00012711829478962753,4,11,6,8,43,24,81,70,16
9006_9008,391.259598468945,1067.696,4,0.0021958717610891525,0.0001318060972816763,6,2,0,8,0,0,0,0,0
9009_9008,355.49057421594,1774.27,4,0.008156095112616852,0.00013665617250846923,7,3,0,9,0,0,0,0,0
4802_9009,796.227506924778,2474.471,4,0.12337662337662338,0.00014371150479851203,8,2,0,14,0,0,1,0,0
9007_9009,392.329531660715,706.574,4,0.13846539933496455,0.00013642096368596674,7,5,0,18,0,0,1,0,0
9008_9010,421.435621466834,2534.958,4,0.0025095677269590315,0.00013336461432964105,5,5,0,17,0,0,1,0,0
9009_9011,434.751427857981,2204.908,4,0.03152644456992283,0.0001384604661269018,7,5,0,19,0,0,1,0,0
9021_9022,627.829473869621,812.626,3,0.0003764351590438547,7.562538334093261e-05,8,3,0,22,0,0,2,0,0
9030_9022,505.798246084364,603.648,4,0.007811029550159985,7.558474469014439e-05,6,9,0,33,0,0,1,0,0
9022_9023,540.395471801042,431.283,3,0.007905138339920948,7.547480223370693e-05,5,4,0,18,2,0,1,1,0
9072_9024,444.143240115939,462.557,4,0.007905138339920948,6.800806569667622e-05,3,3,0,15,2,0,1,0,0
9021_9029,396.555509432104,381.343,2,0.007811029550159985,7.320111953012593e-05,7,6,0,25,1,0,1,0,0
9029_9030,760.689866508766,818.84,4,9.410878976096367e-05,7.316048087933769e-05,5,2,0,8,0,0,1,0,0
9022_9031,647.376317720032,1148.795,4,0.0230566534914361,7.89236619181061e-05,8,2,0,7,1,1,4,8,0
9068_9031,600.045692004152,1490.911,4,0.03842775581906017,7.903640092628826e-05,6,2,0,5,1,1,4,8,0
9031_9032,537.891950935545,717.512,4,0.06804065499717674,8.250556038245865e-05,7,8,0,18,1,1,1,1,0
9031_9034,563.254739290578,1355.454,4,0.0008469791078486731,7.949410306091299e-05,7,9,0,16,1,1,1,1,0
9032_9035,493.236263293591,1355.454,4,0.0010351966873706005,8.27473734072881e-05,6,10,0,10,0,1,2,1,0
9034_9035,546.764858036261,637.942,4,0.022680218332392244,7.973591608574244e-05,6,10,0,13,0,1,3,1,0
5429_9036,477.857418407662,661.127,4,0.044607566346696784,8.606627491478542e-05,6,9,0,16,1,0,1,1,1
9035_9036,498.600522865306,969.756,4,0.03061672626890018,8.285112461566219e-05,6,10,0,21,1,0,3,1,1
9043_9040,511.849211123756,1548.065,2,0.00031369596586987893,5.34920801751009e-05,5,3,0,11,1,0,0,0,1
8461_9041,1479.34520896639,2383.64,1,0.015433841520798042,5.731305623405753e-05,5,7,0,19,1,0,1,0,2
9040_9041,791.469278155248,1452.05,2,0.007905138339920948,5.386809358094896e-05,4,3,1,3,11,5,21,12,2
4415_9042,732.932406182266,1957.584,2,0.007905138339920948,5.150458823197511e-05,3,4,0,1,1,0,1,0,2
9042_9043,619.486137151031,1646.668,2,0.01574753748666792,5.334316919344131e-05,5,5,1,1,6,4,9,10,2
9051_9052,1652.23451170524,6777.97,2,0.09787314135140222,0.00011104133022093874,5,5,1,16,4,8,26,4,3
9113_9062,595.511382357421,863.094,3,0.025032938076416336,9.370839781472001e-05,8,4,1,5,6,2,25,3,2
9115_9062,458.715374482084,467.216,1,0.0015371102327624067,8.966921859139277e-05,8,3,6,5,9,19,11,26,7
9062_9063,562.211418782551,758.706,1,0.005928853754940711,9.052018412871563e-05,7,2,0,40,0,2,2,0,1
9034_9072,1710.42204993765,1524.427,4,0.01574753748666792,7.358948637745712e-05,5,2,0,18,0,0,0,0,1
9147_9077,727.249106384977,479.452,1,0.08350586611456176,8.8517786052961e-05,4,4,0,22,0,0,0,0,0
9077_9078,2095.30801908222,1147.345,1,0.07622811970638058,7.977941687882233e-05,4,12,0,33,0,0,3,1,1
9078_9079,2725.87727218686,860.826,1,0.06888763410502541,6.784332723333591e-05,4,0,0,0,0,0,0,0,0
9108_9097,595.079347974036,1036.655,4,0.021801869627956584,0.00010600978345026421,5,0,0,0,0,0,0,0,0
9002_9098,625.753490073712,897.561,4,0.08309806135893093,0.00010994382892684644,7,1,0,0,1,0,0,0,0
9098_9099,332.005110203594,460.968,4,0.07688688123470733,0.00010551153899738484,6,6,3,1,2,1,2,2,1
9099_9100,373.552861071119,460.968,4,0.07048748353096179,0.00010247115498260564,7,3,3,3,2,1,0,3,3
9100_9101,549.931740187024,820.577,4,0.037141602358993664,9.860469900344228e-05,7,2,3,4,1,1,0,3,3
9116_9101,518.325829547879,359.609,4,0.0036702428006775835,9.52897894074261e-05,5,4,0,11,2,1,0,0,3
9063_9102,507.858552092944,291.49,1,0.007215007215007215,9.052533082420811e-05,7,3,0,22,4,1,0,0,3
9101_9102,623.839791212652,651.099,4,0.027448397013614404,9.383447698343067e-05,7,3,0,25,2,1,0,0,0
9102_9103,785.122496670925,607.817,1,0.007905138339920948,8.831812311616577e-05,5,5,0,13,0,0,0,0,0
9100_9105,389.572110121238,926.831,4,0.0030428508689378255,9.943179408516586e-05,6,3,0,18,2,0,0,0,0
9099_9107,396.798788995532,926.831,4,6.273919317397578e-05,0.00010232811667067665,6,4,0,7,0,0,0,0,0
9105_9107,335.80985152158,465.863,4,0.009191291799987452,9.928875577323687e-05,5,3,0,15,2,1,0,0,3
9098_9108,387.786555761225,1934.216,4,0.00018821757952192734,0.00010519147952573393,6,4,0,4,2,1,0,0,3
9107_9108,334.792811099419,1502.518,4,0.015527950310559006,0.00010200805719902575,6,5,0,9,3,1,0,0,3
9100_9110,532.940283220524,820.577,4,0.03061672626890018,9.979163629720702e-05,6,4,3,2,1,2,1,5,1
9110_9111,543.450833384497,755.487,4,0.032373423677771504,9.964443867874524e-05,6,5,3,4,2,2,1,2,3
9002_9112,1298.79484100231,802.135,4,0.002007654181567225,0.000112316824396169,7,4,0,19,1,1,3,0,4
9111_9112,1294.23171283339,1091.63,3,0.09272852751113621,0.00010617098325085927,7,2,0,30,0,1,3,0,2
9111_9113,546.424812660374,395.878,3,0.057876905702992656,9.833656891176233e-05,8,1,1,1,1,2,0,3,2
9129_9113,455.12149185499,395.878,4,0.02352719744024092,9.419655698556173e-05,8,4,0,22,3,3,15,13,6
9128_9114,593.429502576301,643.424,4,0.02989522554739946,8.608061874221311e-05,7,2,0,37,0,2,3,0,2
9149_9114,416.519573659567,355.193,1,0.01574753748666792,8.269445667087331e-05,6,1,0,38,0,2,2,0,2
9114_9115,552.586410428125,822.409,1,0.0019135453918062613,8.60428132589589e-05,8,1,0,4,0,0,0,0,2
9129_9115,593.853189121355,863.094,4,0.015496580713972018,9.015737776223447e-05,8,1,0,0,0,0,0,0,1
9113_9116,555.319735648614,755.487,4,0.005426940209548905,9.516885693420794e-05,6,1,0,12,0,0,0,0,1
9062_9117,480.322481868034,825.399,3,0.013112491373360938,8.947056373867547e-05,6,1,0,25,0,0,0,0,2
9117_9119,561.053925499033,550.071,4,0.005521048999309869,8.68211442027635e-05,5,4,0,43,1,2,2,0,1
9102_9121,486.201932641368,607.817,2,0.007246376811594203,8.945912074198374e-05,6,1,0,18,0,0,0,0,0
9111_9122,464.366335808466,395.878,4,0.05116381203337725,9.852879851517739e-05,7,2,0,14,0,0,0,0,0
9122_9123,544.355903480462,684.109,4,0.04445071836376184,9.414165164774964e-05,5,3,0,8,0,0,0,0,0
9123_9128,541.875033465481,288.231,4,0.036859275989710776,8.994804830426154e-05,5,3,0,26,0,0,3,1,2
9122_9129,545.277791526289,395.878,4,0.0008156095112616851,9.438878658897678e-05,7,1,0,20,0,1,0,1,1
9128_9129,554.525230948023,684.109,4,0.00012547838634795156,9.019518324548869e-05,7,1,0,11,0,0,0,1,2
9114_9130,486.500070597658,614.867,4,0.007905138339920948,8.245467116221956e-05,5,1,0,27,0,0,0,1,1
9052_9135,1020.88794031514,6453.031,4,0.007905138339920948,0.00011361415600919412,4,0,0,20,0,0,0,0,1
8460_9139,221.926189149901,792.244,4,0.031055900621118012,5.5722706303428836e-05,4,1,0,2,0,0,0,0,1
9036_9142,470.527608666007,331.814,4,0.007905138339920948,8.277362493970295e-05,4,4,5,7,8,10,10,26,7
9051_9147,1279.55858423536,770.998,1,0.09072087332956898,9.652736680526225e-05,4,0,0,0,2,0,4,1,1
9065_9149,574.562581798881,565.723,1,0.007905138339920948,7.948097505209933e-05,3,3,0,11,1,0,2,2,1
5190_9155,721.941757985901,6197.643,2,0.05088148566409436,0.00014744924324497884,7,2,2,5,6,3,6,4,0
9156_9155,476.447993985111,3063.544,4,0.005050505050505051,0.00014640262045795323,6,0,0,0,0,0,0,0,0
5100_9156,452.560029878004,5130.398,4,0.006556245686680469,0.00014983369198347469,6,9,0,21,10,10,27,17,4
9158_9156,531.943834076286,6392.431,4,0.004705439488048184,0.00014809632160373563,7,8,1,27,21,10,44,34,6
8345_9157,271.905079674621,798.036,2,0.048152330761026416,0.00014448178494146628,5,10,1,36,32,15,57,38,8
9158_9157,457.743898377132,2060.069,4,0.013300708952882866,0.0001470002397145065,7,12,2,33,29,11,61,37,7
5120_9158,367.972613177546,1262.033,4,0.007560072777464082,0.00014813292494529135,6,4,0,2,3,2,4,0,3
9157_9159,302.829811027285,798.036,2,0.054865424430641824,0.00014719665297412322,6,8,2,7,10,1,21,3,6
9158_9160,298.270121484107,1262.033,4,0.013206600163121902,0.00015039497509046452,7,9,2,12,12,2,24,7,4
9159_9160,474.886315097907,2060.069,4,0.00639939770374553,0.0001505913883500812,6,0,0,2,4,2,4,0,2
4920_9161,222.462197630101,8030.546,2,0.10113557939644896,0.00017530606238323727,7,8,2,9,8,1,22,3,4
9160_9161,1301.19197581838,9292.579,4,0.02155091285526068,0.00016297580779024267,6,4,1,7,10,2,18,2,4
5082_9162,454.033745482597,2789.863,4,0.0027605244996549345,0.00016262972638940562,6,13,1,36,34,9,68,32,14
9163_9162,318.911655096996,7652.191,4,0.019543258673693456,0.0001647776685996373,7,17,2,45,42,9,88,34,15
5010_9163,141.652637215381,24067.236,4,0.031212748604052952,0.0001677016460929733,7,36,10,33,78,51,73,77,19
5021_9163,467.396767994485,4862.328,2,0.030742204655248132,0.00016956693931521557,8,41,11,28,96,48,107,89,20
4973_9164,492.758094415399,8378.523,3,0.010101010101010102,0.00015316960456888,5,28,7,17,82,30,99,87,19
4708_9173,593.16317893571,2094.362,4,0.08228245184766923,0.00016925947976008832,6,33,9,18,80,33,87,74,24
4920_9173,730.116397792963,6323.729,2,0.0683857205596336,0.0001729007655605437,7,19,8,27,88,6,304,73,17
5190_9174,488.142637960914,6197.643,2,0.06506054332141288,0.00015104675736389805,7,14,0,31,21,5,46,21,13
5123_9175,483.837619469774,5923.962,4,0.00894033502729155,0.00015426357330307068,7,14,1,53,49,13,97,39,23
9174_9175,257.108018561522,6197.643,4,0.016908212560386472,0.00015170473479980337,6,18,1,34,24,15,58,42,8
5126_9176,629.168357987981,5923.962,4,0.07704372921764226,0.00015313780358009656,7,41,4,32,47,20,60,51,17
9175_9176,224.927006050863,3134.099,4,0.008532530271660706,0.00015112981927813352,6,19,3,29,23,15,55,40,8
9163_9177,901.422644877128,34643.904,2,0.014555492816362382,0.00016168668490447062,6,39,10,40,81,34,105,94,15
9164_9177,403.006713622304,11801.93,3,0.011355793964489616,0.00015409667938365046,4,22,3,21,17,11,46,25,9
,,,,,,,39,13,28,122,41,163,154,20
,,,,,,,13,11,13,54,9,109,93,4
